,session_id,trial_num,category,submit_time,submit_date,num_strokes,draw_duration,trial_duration,mean_intensity,bounding_box,filename,condition,CB,subID,image_name
0,Praisedraw_pilot_3_1562961640982,0,none,1.56E+12,2019-07-12T20:08:34.630Z,1,2.005,100.612,0.007533482,"(73, 202, 121, 126)",/Users/masaba/Documents/GitHub/praise-draw/analysis/Praisedraw_pilot_3_sketches_7_17_2019/tryit/tryit_none_sketch_Praisedraw_pilot_3_1562961640982_PD_190712_01.png,tryit,1,PD_190712_01,
1,Praisedraw_pilot_3_1562961640982,1,this square,1.56E+12,2019-07-12T20:08:46.175Z,1,4.438,11.542,0.021803253,"(61, 168, 64, 163)",/Users/masaba/Documents/GitHub/praise-draw/analysis/Praisedraw_pilot_3_sketches_7_17_2019/tracing/tracing_this square_sketch_Praisedraw_pilot_3_1562961640982_PD_190712_01.png,tracing,1,PD_190712_01,
2,Praisedraw_pilot_3_1562961640982,2,this shape,1.56E+12,2019-07-12T20:09:02.397Z,1,9.374,16.219,0.039441167,"(6, 204, 30, 153)",/Users/masaba/Documents/GitHub/praise-draw/analysis/Praisedraw_pilot_3_sketches_7_17_2019/tracing/tracing_this shape_sketch_Praisedraw_pilot_3_1562961640982_PD_190712_01.png,tracing,1,PD_190712_01,
3,Praisedraw_pilot_3_1562961640982,3,none,1.56E+12,2019-07-12T20:09:21.407Z,26,27.77,19.007,0.03130979,"(0, 162, 22, 181)",/Users/masaba/Documents/GitHub/praise-draw/analysis/Praisedraw_pilot_3_sketches_7_17_2019/tryit/tryit_none_sketch_Praisedraw_pilot_3_1562961640982_PD_190712_01.png,tryit,1,PD_190712_01,
4,Praisedraw_pilot_3_1562961640982,3,none,1.56E+12,2019-07-12T20:09:28.852Z,26,27.77,26.452,0.030811543,"(0, 177, 33, 187)",/Users/masaba/Documents/GitHub/praise-draw/analysis/Praisedraw_pilot_3_sketches_7_17_2019/tryit/tryit_none_sketch_Praisedraw_pilot_3_1562961640982_PD_190712_01.png,tryit,1,PD_190712_01,
5,Praisedraw_pilot_3_1562961640982,3,none,1.56E+12,2019-07-12T20:09:37.608Z,26,27.77,35.208,0.034658004,"(21, 214, 16, 178)",/Users/masaba/Documents/GitHub/praise-draw/analysis/Praisedraw_pilot_3_sketches_7_17_2019/tryit/tryit_none_sketch_Praisedraw_pilot_3_1562961640982_PD_190712_01.png,tryit,1,PD_190712_01,
6,Praisedraw_pilot_3_1562961640982,3,none,1.56E+12,2019-07-12T20:09:45.670Z,26,27.77,43.27,0.032326212,"(24, 202, 12, 181)",/Users/masaba/Documents/GitHub/praise-draw/analysis/Praisedraw_pilot_3_sketches_7_17_2019/tryit/tryit_none_sketch_Praisedraw_pilot_3_1562961640982_PD_190712_01.png,tryit,1,PD_190712_01,
7,Praisedraw_pilot_3_1562961640982,12,none,1.56E+12,2019-07-12T20:14:03.820Z,14,40.384,36.34,0.081114477,"(0, 216, 28, 208)",/Users/masaba/Documents/GitHub/praise-draw/analysis/Praisedraw_pilot_3_sketches_7_17_2019/selective/selective_none_sketch_Praisedraw_pilot_3_1562961640982_PD_190712_01.png,selective,1,PD_190712_01,
8,Praisedraw_pilot_3_1562961640982,12,none,1.56E+12,2019-07-12T20:14:16.581Z,14,40.384,49.101,0.062579719,"(27, 223, 45, 199)",/Users/masaba/Documents/GitHub/praise-draw/analysis/Praisedraw_pilot_3_sketches_7_17_2019/selective/selective_none_sketch_Praisedraw_pilot_3_1562961640982_PD_190712_01.png,selective,1,PD_190712_01,
9,Praisedraw_pilot_3_1562961640982,12,none,1.56E+12,2019-07-12T20:14:34.315Z,14,40.384,66.835,0.084303253,"(7, 223, 30, 207)",/Users/masaba/Documents/GitHub/praise-draw/analysis/Praisedraw_pilot_3_sketches_7_17_2019/selective/selective_none_sketch_Praisedraw_pilot_3_1562961640982_PD_190712_01.png,selective,1,PD_190712_01,
10,Praisedraw_pilot_3_1562961640982,16,none,1.56E+12,2019-07-12T20:15:38.811Z,3,7.931,34.82,0.071707589,"(10, 223, 45, 220)",/Users/masaba/Documents/GitHub/praise-draw/analysis/Praisedraw_pilot_3_sketches_7_17_2019/overpraise/overpraise_none_sketch_Praisedraw_pilot_3_1562961640982_PD_190712_01.png,overpraise,1,PD_190712_01,
11,Praisedraw_pilot_3_1562962616151,0,none,1.56E+12,2019-07-12T20:43:20.669Z,1,1.311,75.471,0.007294324,"(73, 199, 99, 108)",/Users/masaba/Documents/GitHub/praise-draw/analysis/Praisedraw_pilot_3_sketches_7_17_2019/tryit/tryit_none_sketch_Praisedraw_pilot_3_1562962616151_PD_190712_02.png,tryit,5,PD_190712_02,
12,Praisedraw_pilot_3_1562962616151,1,this square,1.56E+12,2019-07-12T20:43:38.630Z,1,10.574,17.96,0.021145568,"(55, 166, 61, 165)",/Users/masaba/Documents/GitHub/praise-draw/analysis/Praisedraw_pilot_3_sketches_7_17_2019/tracing/tracing_this square_sketch_Praisedraw_pilot_3_1562962616151_PD_190712_02.png,tracing,5,PD_190712_02,
13,Praisedraw_pilot_3_1562962616151,2,this shape,1.56E+12,2019-07-12T20:45:05.921Z,22,79.402,87.288,0.17578125,"(4, 207, 18, 162)",/Users/masaba/Documents/GitHub/praise-draw/analysis/Praisedraw_pilot_3_sketches_7_17_2019/tracing/tracing_this shape_sketch_Praisedraw_pilot_3_1562962616151_PD_190712_02.png,tracing,5,PD_190712_02,
14,Praisedraw_pilot_3_1562962616151,3,none,1.56E+12,2019-07-12T20:46:03.900Z,36,70.102,57.976,0.108518017,"(0, 208, 9, 223)",/Users/masaba/Documents/GitHub/praise-draw/analysis/Praisedraw_pilot_3_sketches_7_17_2019/tryit/tryit_none_sketch_Praisedraw_pilot_3_1562962616151_PD_190712_02.png,tryit,5,PD_190712_02,
15,Praisedraw_pilot_3_1562962616151,3,none,1.56E+12,2019-07-12T20:46:36.253Z,36,70.102,90.329,0.128985969,"(0, 223, 0, 223)",/Users/masaba/Documents/GitHub/praise-draw/analysis/Praisedraw_pilot_3_sketches_7_17_2019/tryit/tryit_none_sketch_Praisedraw_pilot_3_1562962616151_PD_190712_02.png,tryit,5,PD_190712_02,
16,Praisedraw_pilot_3_1562962616151,12,none,1.56E+12,2019-07-12T20:51:31.881Z,3,14.789,40.694,0.053292411,"(15, 195, 58, 193)",/Users/masaba/Documents/GitHub/praise-draw/analysis/Praisedraw_pilot_3_sketches_7_17_2019/overpraise/overpraise_none_sketch_Praisedraw_pilot_3_1562962616151_PD_190712_02.png,overpraise,5,PD_190712_02,
17,Praisedraw_pilot_3_1562962616151,16,none,1.56E+12,2019-07-12T20:52:32.749Z,3,12.186,30.321,0.069634885,"(7, 205, 21, 190)",/Users/masaba/Documents/GitHub/praise-draw/analysis/Praisedraw_pilot_3_sketches_7_17_2019/selective/selective_none_sketch_Praisedraw_pilot_3_1562962616151_PD_190712_02.png,selective,5,PD_190712_02,
18,Praisedraw_pilot_3_1562964829494,0,none,1.56E+12,2019-07-12T21:12:17.926Z,1,2.531,61.247,0.012137277,"(31, 50, 0, 223)",/Users/masaba/Documents/GitHub/praise-draw/analysis/Praisedraw_pilot_3_sketches_7_17_2019/tryit/tryit_none_sketch_Praisedraw_pilot_3_1562964829494_PD_190712_03.png,tryit,2,PD_190712_03,
19,Praisedraw_pilot_3_1562964829494,1,this square,1.56E+12,2019-07-12T21:12:56.951Z,1,33.005,39.022,0.084861288,"(46, 177, 61, 187)",/Users/masaba/Documents/GitHub/praise-draw/analysis/Praisedraw_pilot_3_sketches_7_17_2019/tracing/tracing_this square_sketch_Praisedraw_pilot_3_1562964829494_PD_190712_03.png,tracing,2,PD_190712_03,
20,Praisedraw_pilot_3_1562964829494,2,this shape,1.56E+12,2019-07-12T21:13:23.518Z,4,17.906,26.565,0.074996014,"(16, 189, 45, 192)",/Users/masaba/Documents/GitHub/praise-draw/analysis/Praisedraw_pilot_3_sketches_7_17_2019/tracing/tracing_this shape_sketch_Praisedraw_pilot_3_1562964829494_PD_190712_03.png,tracing,2,PD_190712_03,
21,Praisedraw_pilot_3_1562964829494,3,none,1.56E+12,2019-07-12T21:13:36.148Z,15,45.274,12.627,0,"(0, 0, 0, 0)",/Users/masaba/Documents/GitHub/praise-draw/analysis/Praisedraw_pilot_3_sketches_7_17_2019/tryit/tryit_none_sketch_Praisedraw_pilot_3_1562964829494_PD_190712_03.png,tryit,2,PD_190712_03,
22,Praisedraw_pilot_3_1562964829494,3,none,1.56E+12,2019-07-12T21:13:55.880Z,15,45.274,32.359,0.037986288,"(100, 216, 40, 190)",/Users/masaba/Documents/GitHub/praise-draw/analysis/Praisedraw_pilot_3_sketches_7_17_2019/tryit/tryit_none_sketch_Praisedraw_pilot_3_1562964829494_PD_190712_03.png,tryit,2,PD_190712_03,
23,Praisedraw_pilot_3_1562964829494,3,none,1.56E+12,2019-07-12T21:14:00.475Z,15,45.274,36.954,0.001175861,"(119, 138, 127, 138)",/Users/masaba/Documents/GitHub/praise-draw/analysis/Praisedraw_pilot_3_sketches_7_17_2019/tryit/tryit_none_sketch_Praisedraw_pilot_3_1562964829494_PD_190712_03.png,tryit,2,PD_190712_03,
24,Praisedraw_pilot_3_1562964829494,3,none,1.56E+12,2019-07-12T21:14:28.180Z,15,45.274,64.659,0.030592315,"(67, 142, 85, 177)",/Users/masaba/Documents/GitHub/praise-draw/analysis/Praisedraw_pilot_3_sketches_7_17_2019/tryit/tryit_none_sketch_Praisedraw_pilot_3_1562964829494_PD_190712_03.png,tryit,2,PD_190712_03,
25,Praisedraw_pilot_3_1562964829494,3,none,1.56E+12,2019-07-12T21:14:33.715Z,15,45.274,70.194,0,"(0, 0, 0, 0)",/Users/masaba/Documents/GitHub/praise-draw/analysis/Praisedraw_pilot_3_sketches_7_17_2019/tryit/tryit_none_sketch_Praisedraw_pilot_3_1562964829494_PD_190712_03.png,tryit,2,PD_190712_03,
26,Praisedraw_pilot_3_1562964829494,12,none,1.56E+12,2019-07-12T21:19:07.556Z,103,326.708,27.696,0.011599171,"(93, 133, 69, 148)",/Users/masaba/Documents/GitHub/praise-draw/analysis/Praisedraw_pilot_3_sketches_7_17_2019/selective/selective_none_sketch_Praisedraw_pilot_3_1562964829494_PD_190712_03.png,selective,2,PD_190712_03,
27,Praisedraw_pilot_3_1562964829494,12,none,1.56E+12,2019-07-12T21:19:14.044Z,103,326.708,34.184,0.001514668,"(130, 141, 67, 87)",/Users/masaba/Documents/GitHub/praise-draw/analysis/Praisedraw_pilot_3_sketches_7_17_2019/selective/selective_none_sketch_Praisedraw_pilot_3_1562964829494_PD_190712_03.png,selective,2,PD_190712_03,
28,Praisedraw_pilot_3_1562964829494,12,none,1.56E+12,2019-07-12T21:19:24.588Z,103,326.708,44.728,0.012456154,"(100, 157, 46, 121)",/Users/masaba/Documents/GitHub/praise-draw/analysis/Praisedraw_pilot_3_sketches_7_17_2019/selective/selective_none_sketch_Praisedraw_pilot_3_1562964829494_PD_190712_03.png,selective,2,PD_190712_03,
29,Praisedraw_pilot_3_1562964829494,12,none,1.56E+12,2019-07-12T21:19:26.237Z,103,326.708,46.377,0,"(0, 0, 0, 0)",/Users/masaba/Documents/GitHub/praise-draw/analysis/Praisedraw_pilot_3_sketches_7_17_2019/selective/selective_none_sketch_Praisedraw_pilot_3_1562964829494_PD_190712_03.png,selective,2,PD_190712_03,
30,Praisedraw_pilot_3_1562964829494,12,none,1.56E+12,2019-07-12T21:19:43.853Z,103,326.708,63.993,0.020089286,"(87, 219, 67, 171)",/Users/masaba/Documents/GitHub/praise-draw/analysis/Praisedraw_pilot_3_sketches_7_17_2019/selective/selective_none_sketch_Praisedraw_pilot_3_1562964829494_PD_190712_03.png,selective,2,PD_190712_03,
31,Praisedraw_pilot_3_1562964829494,12,none,1.56E+12,2019-07-12T21:20:12.299Z,103,326.708,92.44,0.03511639,"(96, 220, 31, 181)",/Users/masaba/Documents/GitHub/praise-draw/analysis/Praisedraw_pilot_3_sketches_7_17_2019/selective/selective_none_sketch_Praisedraw_pilot_3_1562964829494_PD_190712_03.png,selective,2,PD_190712_03,
32,Praisedraw_pilot_3_1562964829494,12,none,1.56E+12,2019-07-12T21:20:21.375Z,103,326.708,101.515,0.005719866,"(105, 135, 70, 112)",/Users/masaba/Documents/GitHub/praise-draw/analysis/Praisedraw_pilot_3_sketches_7_17_2019/selective/selective_none_sketch_Praisedraw_pilot_3_1562964829494_PD_190712_03.png,selective,2,PD_190712_03,
33,Praisedraw_pilot_3_1562964829494,12,none,1.56E+12,2019-07-12T21:20:32.045Z,103,326.708,112.185,0.000199298,"(109, 112, 102, 105)",/Users/masaba/Documents/GitHub/praise-draw/analysis/Praisedraw_pilot_3_sketches_7_17_2019/selective/selective_none_sketch_Praisedraw_pilot_3_1562964829494_PD_190712_03.png,selective,2,PD_190712_03,
34,Praisedraw_pilot_3_1562964829494,12,none,1.56E+12,2019-07-12T21:20:46.464Z,103,326.708,126.604,0.011878189,"(190, 208, 66, 135)",/Users/masaba/Documents/GitHub/praise-draw/analysis/Praisedraw_pilot_3_sketches_7_17_2019/selective/selective_none_sketch_Praisedraw_pilot_3_1562964829494_PD_190712_03.png,selective,2,PD_190712_03,
35,Praisedraw_pilot_3_1562964829494,12,none,1.56E+12,2019-07-12T21:20:55.138Z,103,326.708,135.278,0.007314254,"(190, 207, 67, 154)",/Users/masaba/Documents/GitHub/praise-draw/analysis/Praisedraw_pilot_3_sketches_7_17_2019/selective/selective_none_sketch_Praisedraw_pilot_3_1562964829494_PD_190712_03.png,selective,2,PD_190712_03,
36,Praisedraw_pilot_3_1562964829494,12,none,1.56E+12,2019-07-12T21:21:01.170Z,103,326.708,141.31,0.009685906,"(122, 205, 61, 147)",/Users/masaba/Documents/GitHub/praise-draw/analysis/Praisedraw_pilot_3_sketches_7_17_2019/selective/selective_none_sketch_Praisedraw_pilot_3_1562964829494_PD_190712_03.png,selective,2,PD_190712_03,
37,Praisedraw_pilot_3_1562964829494,12,none,1.56E+12,2019-07-12T21:21:02.478Z,103,326.708,142.618,0,"(0, 0, 0, 0)",/Users/masaba/Documents/GitHub/praise-draw/analysis/Praisedraw_pilot_3_sketches_7_17_2019/selective/selective_none_sketch_Praisedraw_pilot_3_1562964829494_PD_190712_03.png,selective,2,PD_190712_03,
38,Praisedraw_pilot_3_1562964829494,12,none,1.56E+12,2019-07-12T21:21:06.250Z,103,326.708,146.39,0.001953125,"(151, 169, 93, 115)",/Users/masaba/Documents/GitHub/praise-draw/analysis/Praisedraw_pilot_3_sketches_7_17_2019/selective/selective_none_sketch_Praisedraw_pilot_3_1562964829494_PD_190712_03.png,selective,2,PD_190712_03,
39,Praisedraw_pilot_3_1562964829494,12,none,1.56E+12,2019-07-12T21:21:16.031Z,103,326.708,156.171,0.010044643,"(158, 211, 70, 148)",/Users/masaba/Documents/GitHub/praise-draw/analysis/Praisedraw_pilot_3_sketches_7_17_2019/selective/selective_none_sketch_Praisedraw_pilot_3_1562964829494_PD_190712_03.png,selective,2,PD_190712_03,
40,Praisedraw_pilot_3_1562964829494,12,none,1.56E+12,2019-07-12T21:21:16.138Z,103,326.708,156.278,0,"(0, 0, 0, 0)",/Users/masaba/Documents/GitHub/praise-draw/analysis/Praisedraw_pilot_3_sketches_7_17_2019/selective/selective_none_sketch_Praisedraw_pilot_3_1562964829494_PD_190712_03.png,selective,2,PD_190712_03,
41,Praisedraw_pilot_3_1562964829494,12,none,1.56E+12,2019-07-12T21:21:20.042Z,103,326.708,160.182,0.004344707,"(182, 201, 76, 147)",/Users/masaba/Documents/GitHub/praise-draw/analysis/Praisedraw_pilot_3_sketches_7_17_2019/selective/selective_none_sketch_Praisedraw_pilot_3_1562964829494_PD_190712_03.png,selective,2,PD_190712_03,
42,Praisedraw_pilot_3_1562964829494,12,none,1.56E+12,2019-07-12T21:21:26.651Z,103,326.708,166.791,0.005361129,"(181, 204, 67, 139)",/Users/masaba/Documents/GitHub/praise-draw/analysis/Praisedraw_pilot_3_sketches_7_17_2019/selective/selective_none_sketch_Praisedraw_pilot_3_1562964829494_PD_190712_03.png,selective,2,PD_190712_03,
43,Praisedraw_pilot_3_1562964829494,12,none,1.56E+12,2019-07-12T21:21:35.755Z,103,326.708,175.895,0.01038345,"(181, 210, 75, 135)",/Users/masaba/Documents/GitHub/praise-draw/analysis/Praisedraw_pilot_3_sketches_7_17_2019/selective/selective_none_sketch_Praisedraw_pilot_3_1562964829494_PD_190712_03.png,selective,2,PD_190712_03,
44,Praisedraw_pilot_3_1562964829494,12,none,1.56E+12,2019-07-12T21:21:42.290Z,103,326.708,182.43,0.004444356,"(196, 214, 96, 153)",/Users/masaba/Documents/GitHub/praise-draw/analysis/Praisedraw_pilot_3_sketches_7_17_2019/selective/selective_none_sketch_Praisedraw_pilot_3_1562964829494_PD_190712_03.png,selective,2,PD_190712_03,
45,Praisedraw_pilot_3_1562964829494,12,none,1.56E+12,2019-07-12T21:21:57.593Z,103,326.708,197.733,0.025410555,"(90, 207, 85, 199)",/Users/masaba/Documents/GitHub/praise-draw/analysis/Praisedraw_pilot_3_sketches_7_17_2019/selective/selective_none_sketch_Praisedraw_pilot_3_1562964829494_PD_190712_03.png,selective,2,PD_190712_03,
46,Praisedraw_pilot_3_1562964829494,12,none,1.56E+12,2019-07-12T21:22:28.646Z,103,326.708,228.786,0.08330676,"(0, 222, 0, 223)",/Users/masaba/Documents/GitHub/praise-draw/analysis/Praisedraw_pilot_3_sketches_7_17_2019/selective/selective_none_sketch_Praisedraw_pilot_3_1562964829494_PD_190712_03.png,selective,2,PD_190712_03,
47,Praisedraw_pilot_3_1562964829494,12,none,1.56E+12,2019-07-12T21:22:32.304Z,103,326.708,232.444,0.003726881,"(113, 144, 108, 138)",/Users/masaba/Documents/GitHub/praise-draw/analysis/Praisedraw_pilot_3_sketches_7_17_2019/selective/selective_none_sketch_Praisedraw_pilot_3_1562964829494_PD_190712_03.png,selective,2,PD_190712_03,
48,Praisedraw_pilot_3_1562964829494,12,none,1.56E+12,2019-07-12T21:23:24.101Z,103,326.708,284.241,0.096440529,"(3, 189, 3, 207)",/Users/masaba/Documents/GitHub/praise-draw/analysis/Praisedraw_pilot_3_sketches_7_17_2019/selective/selective_none_sketch_Praisedraw_pilot_3_1562964829494_PD_190712_03.png,selective,2,PD_190712_03,
49,Praisedraw_pilot_3_1562964829494,12,none,1.56E+12,2019-07-12T21:23:38.987Z,103,326.708,299.127,0.023836097,"(81, 139, 81, 163)",/Users/masaba/Documents/GitHub/praise-draw/analysis/Praisedraw_pilot_3_sketches_7_17_2019/selective/selective_none_sketch_Praisedraw_pilot_3_1562964829494_PD_190712_03.png,selective,2,PD_190712_03,
50,Praisedraw_pilot_3_1562964829494,12,none,1.56E+12,2019-07-12T21:23:58.864Z,103,326.708,319.004,0.037507972,"(85, 195, 79, 177)",/Users/masaba/Documents/GitHub/praise-draw/analysis/Praisedraw_pilot_3_sketches_7_17_2019/selective/selective_none_sketch_Praisedraw_pilot_3_1562964829494_PD_190712_03.png,selective,2,PD_190712_03,
51,Praisedraw_pilot_3_1562964829494,12,none,1.56E+12,2019-07-12T21:24:28.134Z,103,326.708,348.274,0.095145089,"(4, 180, 28, 211)",/Users/masaba/Documents/GitHub/praise-draw/analysis/Praisedraw_pilot_3_sketches_7_17_2019/selective/selective_none_sketch_Praisedraw_pilot_3_1562964829494_PD_190712_03.png,selective,2,PD_190712_03,
52,Praisedraw_pilot_3_1562964829494,16,none,1.56E+12,2019-07-12T21:25:20.833Z,87,281.756,23.942,0.008948501,"(111, 174, 15, 72)",/Users/masaba/Documents/GitHub/praise-draw/analysis/Praisedraw_pilot_3_sketches_7_17_2019/overpraise/overpraise_none_sketch_Praisedraw_pilot_3_1562964829494_PD_190712_03.png,overpraise,2,PD_190712_03,
53,Praisedraw_pilot_3_1562964829494,16,none,1.56E+12,2019-07-12T21:25:42.422Z,87,281.756,45.531,0.030253508,"(70, 166, 28, 213)",/Users/masaba/Documents/GitHub/praise-draw/analysis/Praisedraw_pilot_3_sketches_7_17_2019/overpraise/overpraise_none_sketch_Praisedraw_pilot_3_1562964829494_PD_190712_03.png,overpraise,2,PD_190712_03,
54,Praisedraw_pilot_3_1562964829494,16,none,1.56E+12,2019-07-12T21:25:49.241Z,87,281.756,52.35,0.006776148,"(115, 147, 48, 86)",/Users/masaba/Documents/GitHub/praise-draw/analysis/Praisedraw_pilot_3_sketches_7_17_2019/overpraise/overpraise_none_sketch_Praisedraw_pilot_3_1562964829494_PD_190712_03.png,overpraise,2,PD_190712_03,
55,Praisedraw_pilot_3_1562964829494,16,none,1.56E+12,2019-07-12T21:26:03.249Z,87,281.756,66.358,0.013970823,"(116, 196, 19, 68)",/Users/masaba/Documents/GitHub/praise-draw/analysis/Praisedraw_pilot_3_sketches_7_17_2019/overpraise/overpraise_none_sketch_Praisedraw_pilot_3_1562964829494_PD_190712_03.png,overpraise,2,PD_190712_03,
56,Praisedraw_pilot_3_1562964829494,16,none,1.56E+12,2019-07-12T21:26:17.479Z,87,281.756,80.588,0.021444515,"(61, 199, 31, 69)",/Users/masaba/Documents/GitHub/praise-draw/analysis/Praisedraw_pilot_3_sketches_7_17_2019/overpraise/overpraise_none_sketch_Praisedraw_pilot_3_1562964829494_PD_190712_03.png,overpraise,2,PD_190712_03,
57,Praisedraw_pilot_3_1562964829494,16,none,1.56E+12,2019-07-12T21:26:26.814Z,87,281.756,89.923,0.013233418,"(106, 204, 161, 210)",/Users/masaba/Documents/GitHub/praise-draw/analysis/Praisedraw_pilot_3_sketches_7_17_2019/overpraise/overpraise_none_sketch_Praisedraw_pilot_3_1562964829494_PD_190712_03.png,overpraise,2,PD_190712_03,
58,Praisedraw_pilot_3_1562964829494,16,none,1.56E+12,2019-07-12T21:26:51.374Z,87,281.756,114.483,0.044862085,"(87, 166, 61, 205)",/Users/masaba/Documents/GitHub/praise-draw/analysis/Praisedraw_pilot_3_sketches_7_17_2019/overpraise/overpraise_none_sketch_Praisedraw_pilot_3_1562964829494_PD_190712_03.png,overpraise,2,PD_190712_03,
59,Praisedraw_pilot_3_1562964829494,16,none,1.56E+12,2019-07-12T21:27:40.052Z,87,281.756,163.161,0.102598852,"(4, 154, 72, 223)",/Users/masaba/Documents/GitHub/praise-draw/analysis/Praisedraw_pilot_3_sketches_7_17_2019/overpraise/overpraise_none_sketch_Praisedraw_pilot_3_1562964829494_PD_190712_03.png,overpraise,2,PD_190712_03,
60,Praisedraw_pilot_3_1562964829494,16,none,1.56E+12,2019-07-12T21:27:42.210Z,87,281.756,165.319,0,"(0, 0, 0, 0)",/Users/masaba/Documents/GitHub/praise-draw/analysis/Praisedraw_pilot_3_sketches_7_17_2019/overpraise/overpraise_none_sketch_Praisedraw_pilot_3_1562964829494_PD_190712_03.png,overpraise,2,PD_190712_03,
61,Praisedraw_pilot_3_1562964829494,16,none,1.56E+12,2019-07-12T21:27:43.286Z,87,281.756,166.395,0,"(0, 0, 0, 0)",/Users/masaba/Documents/GitHub/praise-draw/analysis/Praisedraw_pilot_3_sketches_7_17_2019/overpraise/overpraise_none_sketch_Praisedraw_pilot_3_1562964829494_PD_190712_03.png,overpraise,2,PD_190712_03,
62,Praisedraw_pilot_3_1562964829494,16,none,1.56E+12,2019-07-12T21:28:28.055Z,87,281.756,211.164,0.093929369,"(3, 190, 48, 223)",/Users/masaba/Documents/GitHub/praise-draw/analysis/Praisedraw_pilot_3_sketches_7_17_2019/overpraise/overpraise_none_sketch_Praisedraw_pilot_3_1562964829494_PD_190712_03.png,overpraise,2,PD_190712_03,
63,Praisedraw_pilot_3_1562964829494,16,none,1.56E+12,2019-07-12T21:28:50.318Z,87,281.756,233.427,0.089445153,"(30, 211, 0, 199)",/Users/masaba/Documents/GitHub/praise-draw/analysis/Praisedraw_pilot_3_sketches_7_17_2019/overpraise/overpraise_none_sketch_Praisedraw_pilot_3_1562964829494_PD_190712_03.png,overpraise,2,PD_190712_03,
64,Praisedraw_pilot_3_1562964829494,16,none,1.56E+12,2019-07-12T21:29:11.465Z,87,281.756,254.575,0.14586655,"(0, 166, 42, 198)",/Users/masaba/Documents/GitHub/praise-draw/analysis/Praisedraw_pilot_3_sketches_7_17_2019/overpraise/overpraise_none_sketch_Praisedraw_pilot_3_1562964829494_PD_190712_03.png,overpraise,2,PD_190712_03,
65,Praisedraw_pilot_3_1562964829494,16,none,1.56E+12,2019-07-12T21:29:17.332Z,87,281.756,260.441,0.028001435,"(105, 204, 88, 138)",/Users/masaba/Documents/GitHub/praise-draw/analysis/Praisedraw_pilot_3_sketches_7_17_2019/overpraise/overpraise_none_sketch_Praisedraw_pilot_3_1562964829494_PD_190712_03.png,overpraise,2,PD_190712_03,
66,Praisedraw_pilot_3_1562964829494,16,none,1.56E+12,2019-07-12T21:29:20.261Z,87,281.756,263.37,0.01426977,"(152, 199, 93, 130)",/Users/masaba/Documents/GitHub/praise-draw/analysis/Praisedraw_pilot_3_sketches_7_17_2019/overpraise/overpraise_none_sketch_Praisedraw_pilot_3_1562964829494_PD_190712_03.png,overpraise,2,PD_190712_03,
67,Praisedraw_pilot_3_1562964829494,16,none,1.56E+12,2019-07-12T21:29:22.796Z,87,281.756,265.905,0.008410395,"(136, 192, 96, 127)",/Users/masaba/Documents/GitHub/praise-draw/analysis/Praisedraw_pilot_3_sketches_7_17_2019/overpraise/overpraise_none_sketch_Praisedraw_pilot_3_1562964829494_PD_190712_03.png,overpraise,2,PD_190712_03,
68,Praisedraw_pilot_3_1562964829494,16,none,1.56E+12,2019-07-12T21:29:35.808Z,87,281.756,278.917,0.094168527,"(0, 222, 48, 187)",/Users/masaba/Documents/GitHub/praise-draw/analysis/Praisedraw_pilot_3_sketches_7_17_2019/overpraise/overpraise_none_sketch_Praisedraw_pilot_3_1562964829494_PD_190712_03.png,overpraise,2,PD_190712_03,
69,Praisedraw_pilot_3_1562964829494,16,none,1.56E+12,2019-07-12T21:29:59.471Z,87,281.756,302.58,0.121671716,"(0, 196, 10, 223)",/Users/masaba/Documents/GitHub/praise-draw/analysis/Praisedraw_pilot_3_sketches_7_17_2019/overpraise/overpraise_none_sketch_Praisedraw_pilot_3_1562964829494_PD_190712_03.png,overpraise,2,PD_190712_03,
70,Praisedraw_pilot_3_1562968331466,0,none,1.56E+12,2019-07-12T22:20:39.424Z,1,2.096,51.786,0.010841837,"(0, 223, 106, 117)",/Users/masaba/Documents/GitHub/praise-draw/analysis/Praisedraw_pilot_3_sketches_7_17_2019/tryit/tryit_none_sketch_Praisedraw_pilot_3_1562968331466_PD_190712_04.png,tryit,6,PD_190712_04,
71,Praisedraw_pilot_3_1562968331466,1,this square,1.56E+12,2019-07-12T22:20:57.608Z,1,9.404,18.181,0.020467953,"(58, 165, 60, 159)",/Users/masaba/Documents/GitHub/praise-draw/analysis/Praisedraw_pilot_3_sketches_7_17_2019/tracing/tracing_this square_sketch_Praisedraw_pilot_3_1562968331466_PD_190712_04.png,tracing,6,PD_190712_04,
72,Praisedraw_pilot_3_1562968331466,2,this shape,1.56E+12,2019-07-12T22:21:17.143Z,1,13.777,19.532,0.031548948,"(18, 205, 27, 147)",/Users/masaba/Documents/GitHub/praise-draw/analysis/Praisedraw_pilot_3_sketches_7_17_2019/tracing/tracing_this shape_sketch_Praisedraw_pilot_3_1562968331466_PD_190712_04.png,tracing,6,PD_190712_04,
73,Praisedraw_pilot_3_1562968331466,3,none,1.56E+12,2019-07-12T22:21:46.279Z,16,30.621,29.134,0.045121173,"(18, 223, 0, 214)",/Users/masaba/Documents/GitHub/praise-draw/analysis/Praisedraw_pilot_3_sketches_7_17_2019/tryit/tryit_none_sketch_Praisedraw_pilot_3_1562968331466_PD_190712_04.png,tryit,6,PD_190712_04,
74,Praisedraw_pilot_3_1562968331466,3,none,1.56E+12,2019-07-12T22:22:02.892Z,16,30.621,45.747,0.047851563,"(0, 223, 0, 223)",/Users/masaba/Documents/GitHub/praise-draw/analysis/Praisedraw_pilot_3_sketches_7_17_2019/tryit/tryit_none_sketch_Praisedraw_pilot_3_1562968331466_PD_190712_04.png,tryit,6,PD_190712_04,
75,Praisedraw_pilot_3_1562968331466,12,none,1.56E+12,2019-07-12T22:26:32.353Z,9,52.936,35.969,0.033143335,"(67, 223, 46, 148)",/Users/masaba/Documents/GitHub/praise-draw/analysis/Praisedraw_pilot_3_sketches_7_17_2019/overpraise/overpraise_none_sketch_Praisedraw_pilot_3_1562968331466_PD_190712_04.png,overpraise,6,PD_190712_04,
76,Praisedraw_pilot_3_1562968331466,12,none,1.56E+12,2019-07-12T22:26:53.211Z,9,52.936,56.827,0.034578284,"(69, 223, 45, 159)",/Users/masaba/Documents/GitHub/praise-draw/analysis/Praisedraw_pilot_3_sketches_7_17_2019/overpraise/overpraise_none_sketch_Praisedraw_pilot_3_1562968331466_PD_190712_04.png,overpraise,6,PD_190712_04,
77,Praisedraw_pilot_3_1562968331466,12,none,1.56E+12,2019-07-12T22:27:13.377Z,9,52.936,76.993,0.038524394,"(88, 223, 19, 126)",/Users/masaba/Documents/GitHub/praise-draw/analysis/Praisedraw_pilot_3_sketches_7_17_2019/overpraise/overpraise_none_sketch_Praisedraw_pilot_3_1562968331466_PD_190712_04.png,overpraise,6,PD_190712_04,
78,Praisedraw_pilot_3_1562968331466,16,none,1.56E+12,2019-07-12T22:28:12.650Z,6,27.935,28.757,0.039401307,"(61, 223, 15, 142)",/Users/masaba/Documents/GitHub/praise-draw/analysis/Praisedraw_pilot_3_sketches_7_17_2019/selective/selective_none_sketch_Praisedraw_pilot_3_1562968331466_PD_190712_04.png,selective,6,PD_190712_04,
79,Praisedraw_pilot_3_1562968331466,16,none,1.56E+12,2019-07-12T22:28:35.225Z,6,27.935,51.332,0.044901945,"(63, 223, 6, 136)",/Users/masaba/Documents/GitHub/praise-draw/analysis/Praisedraw_pilot_3_sketches_7_17_2019/selective/selective_none_sketch_Praisedraw_pilot_3_1562968331466_PD_190712_04.png,selective,6,PD_190712_04,
0,Praisedraw_pilot_4_1563221476544,0,none,1.56322E+12,2019-07-15T20:32:03.165Z,1,1.602,64.287,0.010522959,"(191, 210, 7, 217)",/Users/masaba/Documents/GitHub/praise-draw/analysis/Praisedraw_pilot_4_sketches_7_17_2019/tryit/tryit_none_sketch_Praisedraw_pilot_4_1563221476544_PD2_190715_01.png,tryit,1,PD2_190715_01,
1,Praisedraw_pilot_4_1563221476544,1,this square,1.56322E+12,2019-07-15T20:32:22.070Z,1,9.315,18.903,0.019052934,"(58, 157, 64, 163)",/Users/masaba/Documents/GitHub/praise-draw/analysis/Praisedraw_pilot_4_sketches_7_17_2019/tracing/tracing_this square_sketch_Praisedraw_pilot_4_1563221476544_PD2_190715_01.png,tracing,1,PD2_190715_01,
2,Praisedraw_pilot_4_1563221476544,2,this shape,1.56322E+12,2019-07-15T20:32:45.275Z,1,18.031,23.202,0.03254544,"(18, 202, 37, 150)",/Users/masaba/Documents/GitHub/praise-draw/analysis/Praisedraw_pilot_4_sketches_7_17_2019/tracing/tracing_this shape_sketch_Praisedraw_pilot_4_1563221476544_PD2_190715_01.png,tracing,1,PD2_190715_01,
3,Praisedraw_pilot_4_1563221476544,3,none,1.56322E+12,2019-07-15T20:33:28.702Z,53,44.829,43.424,0.074816645,"(49, 223, 18, 223)",/Users/masaba/Documents/GitHub/praise-draw/analysis/Praisedraw_pilot_4_sketches_7_17_2019/tryit/tryit_none_sketch_Praisedraw_pilot_4_1563221476544_PD2_190715_01.png,tryit,1,PD2_190715_01,
4,Praisedraw_pilot_4_1563221476544,3,none,1.56322E+12,2019-07-15T20:33:49.627Z,53,44.829,64.349,0.069714605,"(51, 223, 4, 208)",/Users/masaba/Documents/GitHub/praise-draw/analysis/Praisedraw_pilot_4_sketches_7_17_2019/tryit/tryit_none_sketch_Praisedraw_pilot_4_1563221476544_PD2_190715_01.png,tryit,1,PD2_190715_01,
5,Praisedraw_pilot_4_1563221476544,12,none,1.56322E+12,2019-07-15T20:38:29.071Z,14,20.265,53.393,0.034000319,"(21, 223, 88, 187)",/Users/masaba/Documents/GitHub/praise-draw/analysis/Praisedraw_pilot_4_sketches_7_17_2019/selective/selective_none_sketch_Praisedraw_pilot_4_1563221476544_PD2_190715_01.png,selective,1,PD2_190715_01,
6,Praisedraw_pilot_4_1563221476544,16,none,1.56322E+12,2019-07-15T20:39:39.109Z,43,42.426,40.658,0.046416614,"(39, 220, 64, 214)",/Users/masaba/Documents/GitHub/praise-draw/analysis/Praisedraw_pilot_4_sketches_7_17_2019/overpraise/overpraise_none_sketch_Praisedraw_pilot_4_1563221476544_PD2_190715_01.png,overpraise,1,PD2_190715_01,
7,Praisedraw_pilot_4_1563221476544,16,none,1.56322E+12,2019-07-15T20:39:55.711Z,43,42.426,57.26,0.059789541,"(4, 211, 24, 211)",/Users/masaba/Documents/GitHub/praise-draw/analysis/Praisedraw_pilot_4_sketches_7_17_2019/overpraise/overpraise_none_sketch_Praisedraw_pilot_4_1563221476544_PD2_190715_01.png,overpraise,1,PD2_190715_01,
8,Praisedraw_pilot_4_1563221476544,16,none,1.56322E+12,2019-07-15T20:40:13.550Z,43,42.426,75.099,0.04946588,"(0, 216, 57, 223)",/Users/masaba/Documents/GitHub/praise-draw/analysis/Praisedraw_pilot_4_sketches_7_17_2019/overpraise/overpraise_none_sketch_Praisedraw_pilot_4_1563221476544_PD2_190715_01.png,overpraise,1,PD2_190715_01,
9,Praisedraw_pilot_4_1563223290448,0,none,1.56322E+12,2019-07-15T21:03:10.888Z,1,3.237,53.721,0.01040338,"(16, 204, 103, 121)",/Users/masaba/Documents/GitHub/praise-draw/analysis/Praisedraw_pilot_4_sketches_7_17_2019/tryit/tryit_none_sketch_Praisedraw_pilot_4_1563223290448_PD2_190715_02.png,tryit,2,PD2_190715_02,
10,Praisedraw_pilot_4_1563223290448,1,this square,1.56322E+12,2019-07-15T21:03:28.944Z,1,12.418,18.052,0.020408163,"(58, 159, 58, 159)",/Users/masaba/Documents/GitHub/praise-draw/analysis/Praisedraw_pilot_4_sketches_7_17_2019/tracing/tracing_this square_sketch_Praisedraw_pilot_4_1563223290448_PD2_190715_02.png,tracing,2,PD2_190715_02,
11,Praisedraw_pilot_4_1563223290448,2,this shape,1.56322E+12,2019-07-15T21:03:52.488Z,2,17.771,23.541,0.033960459,"(10, 205, 34, 148)",/Users/masaba/Documents/GitHub/praise-draw/analysis/Praisedraw_pilot_4_sketches_7_17_2019/tracing/tracing_this shape_sketch_Praisedraw_pilot_4_1563223290448_PD2_190715_02.png,tracing,2,PD2_190715_02,
12,Praisedraw_pilot_4_1563223290448,3,none,1.56322E+12,2019-07-15T21:04:31.858Z,29,46.925,39.366,0.046157526,"(19, 183, 39, 181)",/Users/masaba/Documents/GitHub/praise-draw/analysis/Praisedraw_pilot_4_sketches_7_17_2019/tryit/tryit_none_sketch_Praisedraw_pilot_4_1563223290448_PD2_190715_02.png,tryit,2,PD2_190715_02,
13,Praisedraw_pilot_4_1563223290448,3,none,1.56322E+12,2019-07-15T21:04:56.303Z,29,46.925,63.811,0.022919324,"(43, 123, 69, 157)",/Users/masaba/Documents/GitHub/praise-draw/analysis/Praisedraw_pilot_4_sketches_7_17_2019/tryit/tryit_none_sketch_Praisedraw_pilot_4_1563223290448_PD2_190715_02.png,tryit,2,PD2_190715_02,
14,Praisedraw_pilot_4_1563223290448,3,none,1.56322E+12,2019-07-15T21:05:00.935Z,29,46.925,68.443,0,"(0, 0, 0, 0)",/Users/masaba/Documents/GitHub/praise-draw/analysis/Praisedraw_pilot_4_sketches_7_17_2019/tryit/tryit_none_sketch_Praisedraw_pilot_4_1563223290448_PD2_190715_02.png,tryit,2,PD2_190715_02,
15,Praisedraw_pilot_4_1563223290448,12,none,1.56323E+12,2019-07-15T21:10:12.572Z,166,192.564,101.384,0.063556282,"(51, 160, 87, 145)",/Users/masaba/Documents/GitHub/praise-draw/analysis/Praisedraw_pilot_4_sketches_7_17_2019/selective/selective_none_sketch_Praisedraw_pilot_4_1563223290448_PD2_190715_02.png,selective,2,PD2_190715_02,
16,Praisedraw_pilot_4_1563223290448,12,none,1.56323E+12,2019-07-15T21:10:32.456Z,166,192.564,121.268,0.019929847,"(85, 163, 100, 145)",/Users/masaba/Documents/GitHub/praise-draw/analysis/Praisedraw_pilot_4_sketches_7_17_2019/selective/selective_none_sketch_Praisedraw_pilot_4_1563223290448_PD2_190715_02.png,selective,2,PD2_190715_02,
17,Praisedraw_pilot_4_1563223290448,12,none,1.56323E+12,2019-07-15T21:11:08.829Z,166,192.564,157.642,0.035455198,"(54, 153, 100, 157)",/Users/masaba/Documents/GitHub/praise-draw/analysis/Praisedraw_pilot_4_sketches_7_17_2019/selective/selective_none_sketch_Praisedraw_pilot_4_1563223290448_PD2_190715_02.png,selective,2,PD2_190715_02,
18,Praisedraw_pilot_4_1563223290448,12,none,1.56323E+12,2019-07-15T21:12:09.148Z,166,192.564,217.96,0.061124841,"(9, 180, 24, 147)",/Users/masaba/Documents/GitHub/praise-draw/analysis/Praisedraw_pilot_4_sketches_7_17_2019/selective/selective_none_sketch_Praisedraw_pilot_4_1563223290448_PD2_190715_02.png,selective,2,PD2_190715_02,
19,Praisedraw_pilot_4_1563223290448,16,none,1.56323E+12,2019-07-15T21:13:32.356Z,38,86.118,53.159,0.033143335,"(36, 127, 37, 105)",/Users/masaba/Documents/GitHub/praise-draw/analysis/Praisedraw_pilot_4_sketches_7_17_2019/overpraise/overpraise_none_sketch_Praisedraw_pilot_4_1563223290448_PD2_190715_02.png,overpraise,2,PD2_190715_02,
20,Praisedraw_pilot_4_1563223290448,16,none,1.56323E+12,2019-07-15T21:13:37.887Z,38,86.118,58.69,0.01042331,"(81, 220, 88, 156)",/Users/masaba/Documents/GitHub/praise-draw/analysis/Praisedraw_pilot_4_sketches_7_17_2019/overpraise/overpraise_none_sketch_Praisedraw_pilot_4_1563223290448_PD2_190715_02.png,overpraise,2,PD2_190715_02,
21,Praisedraw_pilot_4_1563223290448,16,none,1.56323E+12,2019-07-15T21:14:28.312Z,38,86.118,109.115,0.036092953,"(1, 156, 45, 111)",/Users/masaba/Documents/GitHub/praise-draw/analysis/Praisedraw_pilot_4_sketches_7_17_2019/overpraise/overpraise_none_sketch_Praisedraw_pilot_4_1563223290448_PD2_190715_02.png,overpraise,2,PD2_190715_02,
22,Praisedraw_pilot_4_1563225345117,0,none,1.56323E+12,2019-07-15T21:26:00.693Z,1,0.196,44.778,0.00520169,"(60, 160, 57, 65)",/Users/masaba/Documents/GitHub/praise-draw/analysis/Praisedraw_pilot_4_sketches_7_17_2019/tryit/tryit_none_sketch_Praisedraw_pilot_4_1563225345117_PD2_190715_03.png,tryit,3,PD2_190715_03,
23,Praisedraw_pilot_4_1563225345117,1,this square,1.56323E+12,2019-07-15T21:26:12.749Z,1,5.714,12.053,0.020926339,"(57, 168, 63, 162)",/Users/masaba/Documents/GitHub/praise-draw/analysis/Praisedraw_pilot_4_sketches_7_17_2019/tracing/tracing_this square_sketch_Praisedraw_pilot_4_1563225345117_PD2_190715_03.png,tracing,3,PD2_190715_03,
24,Praisedraw_pilot_4_1563225345117,2,this shape,1.56323E+12,2019-07-15T21:26:29.593Z,1,13.053,16.842,0.032386001,"(4, 208, 37, 151)",/Users/masaba/Documents/GitHub/praise-draw/analysis/Praisedraw_pilot_4_sketches_7_17_2019/tracing/tracing_this shape_sketch_Praisedraw_pilot_4_1563225345117_PD2_190715_03.png,tracing,3,PD2_190715_03,
25,Praisedraw_pilot_4_1563225345117,3,none,1.56323E+12,2019-07-15T21:26:48.077Z,23,25.192,18.481,0.041254783,"(10, 216, 21, 223)",/Users/masaba/Documents/GitHub/praise-draw/analysis/Praisedraw_pilot_4_sketches_7_17_2019/tryit/tryit_none_sketch_Praisedraw_pilot_4_1563225345117_PD2_190715_03.png,tryit,3,PD2_190715_03,
26,Praisedraw_pilot_4_1563225345117,3,none,1.56323E+12,2019-07-15T21:26:58.243Z,23,25.192,28.647,0.047213807,"(19, 208, 0, 204)",/Users/masaba/Documents/GitHub/praise-draw/analysis/Praisedraw_pilot_4_sketches_7_17_2019/tryit/tryit_none_sketch_Praisedraw_pilot_4_1563225345117_PD2_190715_03.png,tryit,3,PD2_190715_03,
27,Praisedraw_pilot_4_1563225345117,3,none,1.56323E+12,2019-07-15T21:27:10.080Z,23,25.192,40.484,0.039520886,"(4, 187, 31, 204)",/Users/masaba/Documents/GitHub/praise-draw/analysis/Praisedraw_pilot_4_sketches_7_17_2019/tryit/tryit_none_sketch_Praisedraw_pilot_4_1563225345117_PD2_190715_03.png,tryit,3,PD2_190715_03,
28,Praisedraw_pilot_4_1563225345117,12,none,1.56323E+12,2019-07-15T21:31:23.929Z,10,9.856,33.286,0.02999442,"(0, 204, 61, 178)",/Users/masaba/Documents/GitHub/praise-draw/analysis/Praisedraw_pilot_4_sketches_7_17_2019/selective/selective_none_sketch_Praisedraw_pilot_4_1563225345117_PD2_190715_03.png,selective,3,PD2_190715_03,
29,Praisedraw_pilot_4_1563225345117,16,none,1.56323E+12,2019-07-15T21:32:18.098Z,22,25.613,23.566,0.044583068,"(25, 208, 0, 181)",/Users/masaba/Documents/GitHub/praise-draw/analysis/Praisedraw_pilot_4_sketches_7_17_2019/overpraise/overpraise_none_sketch_Praisedraw_pilot_4_1563225345117_PD2_190715_03.png,overpraise,3,PD2_190715_03,
30,Praisedraw_pilot_4_1563225345117,16,none,1.56323E+12,2019-07-15T21:32:32.158Z,22,25.613,37.626,0.052375638,"(0, 219, 28, 213)",/Users/masaba/Documents/GitHub/praise-draw/analysis/Praisedraw_pilot_4_sketches_7_17_2019/overpraise/overpraise_none_sketch_Praisedraw_pilot_4_1563225345117_PD2_190715_03.png,overpraise,3,PD2_190715_03,
31,Praisedraw_pilot_4_1563226428825,0,none,1.56323E+12,2019-07-15T22:22:16.035Z,1,0.202,61.66,0.006576849,"(24, 144, 111, 141)",/Users/masaba/Documents/GitHub/praise-draw/analysis/Praisedraw_pilot_4_sketches_7_17_2019/tryit/tryit_none_sketch_Praisedraw_pilot_4_1563226428825_PD2_190715_04.png,tryit,4,PD2_190715_04,
32,Praisedraw_pilot_4_1563226428825,1,this square,1.56323E+12,2019-07-15T22:22:27.310Z,1,3.594,11.272,0.021125638,"(57, 169, 61, 166)",/Users/masaba/Documents/GitHub/praise-draw/analysis/Praisedraw_pilot_4_sketches_7_17_2019/tracing/tracing_this square_sketch_Praisedraw_pilot_4_1563226428825_PD2_190715_04.png,tracing,4,PD2_190715_04,
33,Praisedraw_pilot_4_1563226428825,2,this shape,1.56323E+12,2019-07-15T22:22:39.589Z,1,7.973,12.275,0.035594707,"(6, 210, 36, 145)",/Users/masaba/Documents/GitHub/praise-draw/analysis/Praisedraw_pilot_4_sketches_7_17_2019/tracing/tracing_this shape_sketch_Praisedraw_pilot_4_1563226428825_PD2_190715_04.png,tracing,4,PD2_190715_04,
34,Praisedraw_pilot_4_1563226428825,3,none,1.56323E+12,2019-07-15T22:23:00.682Z,35,36.309,21.091,0.027642698,"(0, 201, 22, 178)",/Users/masaba/Documents/GitHub/praise-draw/analysis/Praisedraw_pilot_4_sketches_7_17_2019/tryit/tryit_none_sketch_Praisedraw_pilot_4_1563226428825_PD2_190715_04.png,tryit,4,PD2_190715_04,
35,Praisedraw_pilot_4_1563226428825,3,none,1.56323E+12,2019-07-15T22:23:17.692Z,35,36.309,38.101,0.091737085,"(0, 214, 0, 223)",/Users/masaba/Documents/GitHub/praise-draw/analysis/Praisedraw_pilot_4_sketches_7_17_2019/tryit/tryit_none_sketch_Praisedraw_pilot_4_1563226428825_PD2_190715_04.png,tryit,4,PD2_190715_04,
36,Praisedraw_pilot_4_1563226428825,3,none,1.56323E+12,2019-07-15T22:23:36.801Z,35,36.309,57.21,0.071488361,"(28, 217, 19, 213)",/Users/masaba/Documents/GitHub/praise-draw/analysis/Praisedraw_pilot_4_sketches_7_17_2019/tryit/tryit_none_sketch_Praisedraw_pilot_4_1563226428825_PD2_190715_04.png,tryit,4,PD2_190715_04,
37,Praisedraw_pilot_4_1563226428825,16,none,1.56323E+12,2019-07-15T22:28:25.187Z,11,18.518,25.356,0.067602041,"(0, 223, 48, 217)",/Users/masaba/Documents/GitHub/praise-draw/analysis/Praisedraw_pilot_4_sketches_7_17_2019/overpraise/overpraise_none_sketch_Praisedraw_pilot_4_1563226428825_PD2_190715_04.png,overpraise,4,PD2_190715_04,
38,Praisedraw_pilot_4_1563291123288,0,none,1.56329E+12,2019-07-16T15:50:46.760Z,1,1.856,82.813,0.00916773,"(25, 196, 99, 110)",/Users/masaba/Documents/GitHub/praise-draw/analysis/Praisedraw_pilot_4_sketches_7_17_2019/tryit/tryit_none_sketch_Praisedraw_pilot_4_1563291123288_PD2_190716_01.png,tryit,5,PD2_190716_01,
39,Praisedraw_pilot_4_1563291123288,1,this square,1.56329E+12,2019-07-16T15:51:06.444Z,2,12.507,19.68,0.019212372,"(61, 157, 63, 160)",/Users/masaba/Documents/GitHub/praise-draw/analysis/Praisedraw_pilot_4_sketches_7_17_2019/tracing/tracing_this square_sketch_Praisedraw_pilot_4_1563291123288_PD2_190716_01.png,tracing,5,PD2_190716_01,
40,Praisedraw_pilot_4_1563291123288,2,this shape,1.56329E+12,2019-07-16T15:51:20.113Z,6,7.199,13.665,0.031449298,"(12, 195, 45, 145)",/Users/masaba/Documents/GitHub/praise-draw/analysis/Praisedraw_pilot_4_sketches_7_17_2019/tracing/tracing_this shape_sketch_Praisedraw_pilot_4_1563291123288_PD2_190716_01.png,tracing,5,PD2_190716_01,
41,Praisedraw_pilot_4_1563291123288,3,none,1.56329E+12,2019-07-16T15:51:39.198Z,21,35.467,19.083,0.03121014,"(9, 148, 43, 204)",/Users/masaba/Documents/GitHub/praise-draw/analysis/Praisedraw_pilot_4_sketches_7_17_2019/tryit/tryit_none_sketch_Praisedraw_pilot_4_1563291123288_PD2_190716_01.png,tryit,5,PD2_190716_01,
42,Praisedraw_pilot_4_1563291123288,3,none,1.56329E+12,2019-07-16T15:51:55.168Z,21,35.467,35.052,0.058155293,"(30, 163, 0, 186)",/Users/masaba/Documents/GitHub/praise-draw/analysis/Praisedraw_pilot_4_sketches_7_17_2019/tryit/tryit_none_sketch_Praisedraw_pilot_4_1563291123288_PD2_190716_01.png,tryit,5,PD2_190716_01,
43,Praisedraw_pilot_4_1563291123288,3,none,1.56329E+12,2019-07-16T15:52:09.167Z,21,35.467,49.051,0.148517219,"(0, 223, 0, 223)",/Users/masaba/Documents/GitHub/praise-draw/analysis/Praisedraw_pilot_4_sketches_7_17_2019/tryit/tryit_none_sketch_Praisedraw_pilot_4_1563291123288_PD2_190716_01.png,tryit,5,PD2_190716_01,
44,Praisedraw_pilot_4_1563291123288,3,none,1.56329E+12,2019-07-16T15:52:12.694Z,21,35.467,52.578,0,"(0, 0, 0, 0)",/Users/masaba/Documents/GitHub/praise-draw/analysis/Praisedraw_pilot_4_sketches_7_17_2019/tryit/tryit_none_sketch_Praisedraw_pilot_4_1563291123288_PD2_190716_01.png,tryit,5,PD2_190716_01,
45,Praisedraw_pilot_4_1563291123288,12,none,1.56329E+12,2019-07-16T15:56:15.426Z,19,24.471,27.978,0.048768335,"(63, 223, 15, 132)",/Users/masaba/Documents/GitHub/praise-draw/analysis/Praisedraw_pilot_4_sketches_7_17_2019/overpraise/overpraise_none_sketch_Praisedraw_pilot_4_1563291123288_PD2_190716_01.png,overpraise,5,PD2_190716_01,
46,Praisedraw_pilot_4_1563291123288,12,none,1.56329E+12,2019-07-16T15:56:30.036Z,19,24.471,42.588,0.060686384,"(19, 211, 13, 199)",/Users/masaba/Documents/GitHub/praise-draw/analysis/Praisedraw_pilot_4_sketches_7_17_2019/overpraise/overpraise_none_sketch_Praisedraw_pilot_4_1563291123288_PD2_190716_01.png,overpraise,5,PD2_190716_01,
47,Praisedraw_pilot_4_1563291123288,12,none,1.56329E+12,2019-07-16T15:56:35.344Z,19,24.471,47.896,0,"(0, 0, 0, 0)",/Users/masaba/Documents/GitHub/praise-draw/analysis/Praisedraw_pilot_4_sketches_7_17_2019/overpraise/overpraise_none_sketch_Praisedraw_pilot_4_1563291123288_PD2_190716_01.png,overpraise,5,PD2_190716_01,
48,Praisedraw_pilot_4_1563291123288,16,none,1.56329E+12,2019-07-16T15:57:27.110Z,5,6.883,22.692,0.052614796,"(79, 211, 21, 126)",/Users/masaba/Documents/GitHub/praise-draw/analysis/Praisedraw_pilot_4_sketches_7_17_2019/selective/selective_none_sketch_Praisedraw_pilot_4_1563291123288_PD2_190716_01.png,selective,5,PD2_190716_01,
49,Praisedraw_pilot_4_1563291123288,16,none,1.56329E+12,2019-07-16T15:57:36.477Z,5,6.883,32.059,0,"(0, 0, 0, 0)",/Users/masaba/Documents/GitHub/praise-draw/analysis/Praisedraw_pilot_4_sketches_7_17_2019/selective/selective_none_sketch_Praisedraw_pilot_4_1563291123288_PD2_190716_01.png,selective,5,PD2_190716_01,
50,Praisedraw_pilot_4_1563292733447,0,none,1.56329E+12,2019-07-16T16:25:20.630Z,1,2.063,48.459,0.012655453,"(4, 220, 118, 121)",/Users/masaba/Documents/GitHub/praise-draw/analysis/Praisedraw_pilot_4_sketches_7_17_2019/tryit/tryit_none_sketch_Praisedraw_pilot_4_1563292733447_PD2_190716_02.png,tryit,6,PD2_190716_02,
51,Praisedraw_pilot_4_1563292733447,1,this square,1.56329E+12,2019-07-16T16:25:31.760Z,1,6.097,11.127,0.021205357,"(57, 159, 58, 165)",/Users/masaba/Documents/GitHub/praise-draw/analysis/Praisedraw_pilot_4_sketches_7_17_2019/tracing/tracing_this square_sketch_Praisedraw_pilot_4_1563292733447_PD2_190716_02.png,tracing,6,PD2_190716_02,
52,Praisedraw_pilot_4_1563292733447,2,this shape,1.56329E+12,2019-07-16T16:25:57.215Z,1,13.632,25.452,0.032047194,"(12, 223, 46, 151)",/Users/masaba/Documents/GitHub/praise-draw/analysis/Praisedraw_pilot_4_sketches_7_17_2019/tracing/tracing_this shape_sketch_Praisedraw_pilot_4_1563292733447_PD2_190716_02.png,tracing,6,PD2_190716_02,
53,Praisedraw_pilot_4_1563292733447,3,none,1.56329E+12,2019-07-16T16:26:47.793Z,24,40.985,50.574,0.058035714,"(19, 202, 42, 201)",/Users/masaba/Documents/GitHub/praise-draw/analysis/Praisedraw_pilot_4_sketches_7_17_2019/tryit/tryit_none_sketch_Praisedraw_pilot_4_1563292733447_PD2_190716_02.png,tryit,6,PD2_190716_02,
54,Praisedraw_pilot_4_1563292733447,3,none,1.56329E+12,2019-07-16T16:26:59.199Z,24,40.985,61.98,0.012496014,"(0, 223, 112, 129)",/Users/masaba/Documents/GitHub/praise-draw/analysis/Praisedraw_pilot_4_sketches_7_17_2019/tryit/tryit_none_sketch_Praisedraw_pilot_4_1563292733447_PD2_190716_02.png,tryit,6,PD2_190716_02,
55,Praisedraw_pilot_4_1563292733447,12,none,1.56329E+12,2019-07-16T16:31:24.767Z,3,14.345,40.474,0.020448023,"(67, 223, 48, 139)",/Users/masaba/Documents/GitHub/praise-draw/analysis/Praisedraw_pilot_4_sketches_7_17_2019/overpraise/overpraise_none_sketch_Praisedraw_pilot_4_1563292733447_PD2_190716_02.png,overpraise,6,PD2_190716_02,
56,Praisedraw_pilot_4_1563292733447,16,none,1.56329E+12,2019-07-16T16:32:16.817Z,2,3.856,23.401,0.012735172,"(90, 223, 85, 144)",/Users/masaba/Documents/GitHub/praise-draw/analysis/Praisedraw_pilot_4_sketches_7_17_2019/selective/selective_none_sketch_Praisedraw_pilot_4_1563292733447_PD2_190716_02.png,selective,6,PD2_190716_02,
57,Praisedraw_pilot_4_1563294813522,0,none,1.5633E+12,2019-07-16T16:44:26.706Z,1,1.013,82.451,0.004663584,"(103, 180, 118, 127)",/Users/masaba/Documents/GitHub/praise-draw/analysis/Praisedraw_pilot_4_sketches_7_17_2019/tryit/tryit_none_sketch_Praisedraw_pilot_4_1563294813522_PD2_190716_03.png,tryit,7,PD2_190716_03,
58,Praisedraw_pilot_4_1563294813522,1,this square,1.5633E+12,2019-07-16T16:44:41.250Z,1,7.014,14.541,0.019451531,"(63, 163, 58, 171)",/Users/masaba/Documents/GitHub/praise-draw/analysis/Praisedraw_pilot_4_sketches_7_17_2019/tracing/tracing_this square_sketch_Praisedraw_pilot_4_1563294813522_PD2_190716_03.png,tracing,7,PD2_190716_03,
59,Praisedraw_pilot_4_1563294813522,2,this shape,1.5633E+12,2019-07-16T16:44:58.227Z,1,12.376,16.973,0.030452806,"(10, 202, 48, 154)",/Users/masaba/Documents/GitHub/praise-draw/analysis/Praisedraw_pilot_4_sketches_7_17_2019/tracing/tracing_this shape_sketch_Praisedraw_pilot_4_1563294813522_PD2_190716_03.png,tracing,7,PD2_190716_03,
60,Praisedraw_pilot_4_1563294813522,3,none,1.5633E+12,2019-07-16T16:45:24.559Z,22,23.495,26.329,0.045898438,"(22, 195, 31, 222)",/Users/masaba/Documents/GitHub/praise-draw/analysis/Praisedraw_pilot_4_sketches_7_17_2019/tryit/tryit_none_sketch_Praisedraw_pilot_4_1563294813522_PD2_190716_03.png,tryit,7,PD2_190716_03,
61,Praisedraw_pilot_4_1563294813522,3,none,1.5633E+12,2019-07-16T16:45:39.568Z,22,23.495,41.338,0.037209024,"(31, 190, 34, 183)",/Users/masaba/Documents/GitHub/praise-draw/analysis/Praisedraw_pilot_4_sketches_7_17_2019/tryit/tryit_none_sketch_Praisedraw_pilot_4_1563294813522_PD2_190716_03.png,tryit,7,PD2_190716_03,
62,Praisedraw_pilot_4_1563294813522,12,none,1.5633E+12,2019-07-16T16:49:59.776Z,4,10.887,34.38,0.030811543,"(73, 189, 43, 144)",/Users/masaba/Documents/GitHub/praise-draw/analysis/Praisedraw_pilot_4_sketches_7_17_2019/overpraise/overpraise_none_sketch_Praisedraw_pilot_4_1563294813522_PD2_190716_03.png,overpraise,7,PD2_190716_03,
63,Praisedraw_pilot_4_1563294813522,16,none,1.5633E+12,2019-07-16T16:50:57.940Z,4,10.008,28.874,0.043885523,"(27, 205, 54, 172)",/Users/masaba/Documents/GitHub/praise-draw/analysis/Praisedraw_pilot_4_sketches_7_17_2019/selective/selective_none_sketch_Praisedraw_pilot_4_1563294813522_PD2_190716_03.png,selective,7,PD2_190716_03,
64,Praisedraw_pilot_4_1563295934678,0,none,1.5633E+12,2019-07-16T16:58:39.393Z,1,1.26,49.214,0.009406888,"(42, 214, 106, 126)",/Users/masaba/Documents/GitHub/praise-draw/analysis/Praisedraw_pilot_4_sketches_7_17_2019/tryit/tryit_none_sketch_Praisedraw_pilot_4_1563295934678_PD2_190716_04.png,tryit,8,PD2_190716_04,
65,Praisedraw_pilot_4_1563295934678,1,this square,1.5633E+12,2019-07-16T16:58:52.228Z,1,6.662,12.832,0.01953125,"(58, 162, 61, 165)",/Users/masaba/Documents/GitHub/praise-draw/analysis/Praisedraw_pilot_4_sketches_7_17_2019/tracing/tracing_this square_sketch_Praisedraw_pilot_4_1563295934678_PD2_190716_04.png,tracing,8,PD2_190716_04,
66,Praisedraw_pilot_4_1563295934678,2,this shape,1.5633E+12,2019-07-16T16:59:09.684Z,1,13.352,17.453,0.031030772,"(12, 205, 46, 148)",/Users/masaba/Documents/GitHub/praise-draw/analysis/Praisedraw_pilot_4_sketches_7_17_2019/tracing/tracing_this shape_sketch_Praisedraw_pilot_4_1563295934678_PD2_190716_04.png,tracing,8,PD2_190716_04,
67,Praisedraw_pilot_4_1563295934678,3,none,1.5633E+12,2019-07-16T16:59:38.322Z,44,84.367,28.635,0.0403978,"(31, 175, 31, 169)",/Users/masaba/Documents/GitHub/praise-draw/analysis/Praisedraw_pilot_4_sketches_7_17_2019/tryit/tryit_none_sketch_Praisedraw_pilot_4_1563295934678_PD2_190716_04.png,tryit,8,PD2_190716_04,
68,Praisedraw_pilot_4_1563295934678,3,none,1.5633E+12,2019-07-16T16:59:57.135Z,44,84.367,47.448,0.086336097,"(1, 223, 6, 223)",/Users/masaba/Documents/GitHub/praise-draw/analysis/Praisedraw_pilot_4_sketches_7_17_2019/tryit/tryit_none_sketch_Praisedraw_pilot_4_1563295934678_PD2_190716_04.png,tryit,8,PD2_190716_04,
69,Praisedraw_pilot_4_1563295934678,3,none,1.5633E+12,2019-07-16T17:00:01.446Z,44,84.367,51.759,0.051359216,"(64, 187, 34, 217)",/Users/masaba/Documents/GitHub/praise-draw/analysis/Praisedraw_pilot_4_sketches_7_17_2019/tryit/tryit_none_sketch_Praisedraw_pilot_4_1563295934678_PD2_190716_04.png,tryit,8,PD2_190716_04,
70,Praisedraw_pilot_4_1563295934678,3,none,1.5633E+12,2019-07-16T17:00:18.815Z,44,84.367,69.128,0.246572066,"(6, 223, 0, 223)",/Users/masaba/Documents/GitHub/praise-draw/analysis/Praisedraw_pilot_4_sketches_7_17_2019/tryit/tryit_none_sketch_Praisedraw_pilot_4_1563295934678_PD2_190716_04.png,tryit,8,PD2_190716_04,
71,Praisedraw_pilot_4_1563295934678,3,none,1.5633E+12,2019-07-16T17:00:52.519Z,44,84.367,102.832,0.090561224,"(9, 223, 21, 210)",/Users/masaba/Documents/GitHub/praise-draw/analysis/Praisedraw_pilot_4_sketches_7_17_2019/tryit/tryit_none_sketch_Praisedraw_pilot_4_1563295934678_PD2_190716_04.png,tryit,8,PD2_190716_04,
72,Praisedraw_pilot_4_1563295934678,3,none,1.5633E+12,2019-07-16T17:00:53.525Z,44,84.367,103.838,0,"(0, 0, 0, 0)",/Users/masaba/Documents/GitHub/praise-draw/analysis/Praisedraw_pilot_4_sketches_7_17_2019/tryit/tryit_none_sketch_Praisedraw_pilot_4_1563295934678_PD2_190716_04.png,tryit,8,PD2_190716_04,
73,Praisedraw_pilot_4_1563295934678,12,none,1.5633E+12,2019-07-16T17:05:06.159Z,6,8.25,27.996,0.018335459,"(27, 193, 46, 98)",/Users/masaba/Documents/GitHub/praise-draw/analysis/Praisedraw_pilot_4_sketches_7_17_2019/overpraise/overpraise_none_sketch_Praisedraw_pilot_4_1563295934678_PD2_190716_04.png,overpraise,8,PD2_190716_04,
74,Praisedraw_pilot_4_1563295934678,16,none,1.5633E+12,2019-07-16T17:05:58.306Z,13,15.638,22.186,0.049087213,"(27, 190, 36, 202)",/Users/masaba/Documents/GitHub/praise-draw/analysis/Praisedraw_pilot_4_sketches_7_17_2019/selective/selective_none_sketch_Praisedraw_pilot_4_1563295934678_PD2_190716_04.png,selective,8,PD2_190716_04,
75,Praisedraw_pilot_4_1563295934678,16,none,1.5633E+12,2019-07-16T17:06:02.425Z,13,15.638,26.305,0.01558514,"(102, 204, 30, 211)",/Users/masaba/Documents/GitHub/praise-draw/analysis/Praisedraw_pilot_4_sketches_7_17_2019/selective/selective_none_sketch_Praisedraw_pilot_4_1563295934678_PD2_190716_04.png,selective,8,PD2_190716_04,
76,Praisedraw_pilot_4_1563295934678,16,none,1.5633E+12,2019-07-16T17:06:06.210Z,13,15.638,30.09,0.025470344,"(73, 190, 52, 190)",/Users/masaba/Documents/GitHub/praise-draw/analysis/Praisedraw_pilot_4_sketches_7_17_2019/selective/selective_none_sketch_Praisedraw_pilot_4_1563295934678_PD2_190716_04.png,selective,8,PD2_190716_04,
77,Praisedraw_pilot_4_1563295934678,16,none,1.5633E+12,2019-07-16T17:06:08.921Z,13,15.638,32.801,0,"(0, 0, 0, 0)",/Users/masaba/Documents/GitHub/praise-draw/analysis/Praisedraw_pilot_4_sketches_7_17_2019/selective/selective_none_sketch_Praisedraw_pilot_4_1563295934678_PD2_190716_04.png,selective,8,PD2_190716_04,